{
  "framework": "cocoindex",
  "cocoindex_version": "0.3.36",
  "python_version": "3.14.3 (main, Feb 12 2026, 00:42:54) [Clang 21.1.4 ]",
  "benchmarks": {
    "separator_split/paragraph/prose/small": {
      "input_bytes": 1024,
      "iterations": 9624,
      "total_s": 1.7208701250183367,
      "mean_s": 0.00017881027899193026,
      "median_s": 0.00017652099995757453,
      "min_s": 0.00010736200056271628,
      "max_s": 0.0014635300012741936,
      "p95_s": 0.00023701999998593237
    },
    "separator_split/paragraph/prose/medium": {
      "input_bytes": 100000,
      "iterations": 6000,
      "total_s": 2.310525683011292,
      "mean_s": 0.00038508761383521534,
      "median_s": 0.0003756179994525155,
      "min_s": 0.00031065300026966725,
      "max_s": 0.0009241740008292254,
      "p95_s": 0.00048248900020553265
    },
    "separator_split/paragraph/prose/large": {
      "input_bytes": 10000000,
      "iterations": 76,
      "total_s": 2.1672292799976276,
      "mean_s": 0.02851617473681089,
      "median_s": 0.027981597999314545,
      "min_s": 0.025112274999628426,
      "max_s": 0.03596614299931389,
      "p95_s": 0.0334320519996254
    },
    "separator_split/paragraph/mixed/small": {
      "input_bytes": 1024,
      "iterations": 9870,
      "total_s": 1.839483231995473,
      "mean_s": 0.00018637114812517457,
      "median_s": 0.0001831739991757786,
      "min_s": 0.00011772799916798249,
      "max_s": 0.00044591100049728993,
      "p95_s": 0.00024328899962711148
    },
    "separator_split/paragraph/mixed/medium": {
      "input_bytes": 100000,
      "iterations": 1621,
      "total_s": 2.461983527000484,
      "mean_s": 0.0015188053837140556,
      "median_s": 0.0013572459993156372,
      "min_s": 0.0010142430000996683,
      "max_s": 0.0070692339995730435,
      "p95_s": 0.002432178998788004
    },
    "separator_split/paragraph/mixed/large": {
      "input_bytes": 10000000,
      "iterations": 7,
      "total_s": 1.562787050001134,
      "mean_s": 0.22325529285730486,
      "median_s": 0.2222444839990203,
      "min_s": 0.21817484900020645,
      "max_s": 0.23037475899946003,
      "p95_s": 0.23037475899946003
    },
    "separator_split/sentence/prose/small": {
      "input_bytes": 1024,
      "iterations": 9628,
      "total_s": 1.8073150959171471,
      "mean_s": 0.0001877144885663842,
      "median_s": 0.00018117000035999808,
      "min_s": 0.0001469489998271456,
      "max_s": 0.0006881129993416835,
      "p95_s": 0.00024011300047277473
    },
    "separator_split/sentence/prose/medium": {
      "input_bytes": 100000,
      "iterations": 1058,
      "total_s": 2.387170907961263,
      "mean_s": 0.0022563052060125357,
      "median_s": 0.001978690999749233,
      "min_s": 0.0015494190010940656,
      "max_s": 0.007646022999324487,
      "p95_s": 0.005612603999907151
    },
    "separator_split/sentence/prose/large": {
      "input_bytes": 10000000,
      "iterations": 6,
      "total_s": 1.8594082550007442,
      "mean_s": 0.3099013758334574,
      "median_s": 0.31477018799887446,
      "min_s": 0.2978226760005782,
      "max_s": 0.31928844499998377,
      "p95_s": 0.31928844499998377
    },
    "separator_split/line/rust_code/small": {
      "input_bytes": 1024,
      "iterations": 8463,
      "total_s": 1.8555322069823887,
      "mean_s": 0.0002192522990644439,
      "median_s": 0.0002098400000249967,
      "min_s": 0.00017458399997849483,
      "max_s": 0.0005234140007814858,
      "p95_s": 0.0002767370006040437
    },
    "separator_split/line/python_code/small": {
      "input_bytes": 1024,
      "iterations": 8340,
      "total_s": 1.7084317739809194,
      "mean_s": 0.00020484793453008626,
      "median_s": 0.00019745499957934953,
      "min_s": 0.0001619829999981448,
      "max_s": 0.00044404900108929724,
      "p95_s": 0.0002568079999036854
    },
    "separator_split/line/rust_code/medium": {
      "input_bytes": 100000,
      "iterations": 401,
      "total_s": 2.148022975963613,
      "mean_s": 0.005356665775470357,
      "median_s": 0.004531201000645524,
      "min_s": 0.0038932669995119795,
      "max_s": 0.010774696000225958,
      "p95_s": 0.008869809000316309
    },
    "separator_split/line/python_code/medium": {
      "input_bytes": 100000,
      "iterations": 621,
      "total_s": 2.574986554995121,
      "mean_s": 0.004146516191618552,
      "median_s": 0.003524331001244718,
      "min_s": 0.0029548589991463814,
      "max_s": 0.009475275999648147,
      "p95_s": 0.007549243999164901
    },
    "separator_split/line/rust_code/large": {
      "input_bytes": 10000000,
      "iterations": 5,
      "total_s": 4.10713966700132,
      "mean_s": 0.821427933400264,
      "median_s": 0.8203726780011493,
      "min_s": 0.815067777000877,
      "max_s": 0.8282367239989981,
      "p95_s": 0.8282367239989981
    },
    "separator_split/line/python_code/large": {
      "input_bytes": 10000000,
      "iterations": 5,
      "total_s": 2.9182495579971146,
      "mean_s": 0.5836499115994229,
      "median_s": 0.5735755899986543,
      "min_s": 0.5557197079997422,
      "max_s": 0.6241355809997913,
      "p95_s": 0.6241355809997913
    },
    "recursive_chunk/prose/no_lang/small/cs=512": {
      "input_bytes": 1024,
      "chunk_size": 512,
      "iterations": 5433,
      "total_s": 1.4767090669756726,
      "mean_s": 0.0002718036199108545,
      "median_s": 0.0002585889997135382,
      "min_s": 0.00021847999960300513,
      "max_s": 0.0007495289992220933,
      "p95_s": 0.0003465810004854575
    },
    "recursive_chunk/prose/no_lang/medium/cs=512": {
      "input_bytes": 100000,
      "chunk_size": 512,
      "iterations": 142,
      "total_s": 1.8935089869737567,
      "mean_s": 0.013334570330801104,
      "median_s": 0.013030082000113907,
      "min_s": 0.012489722999816877,
      "max_s": 0.018362873001024127,
      "p95_s": 0.014766850999876624
    },
    "recursive_chunk/prose/no_lang/large/cs=512": {
      "input_bytes": 10000000,
      "chunk_size": 512,
      "iterations": 5,
      "total_s": 6.609296425001958,
      "mean_s": 1.3218592850003916,
      "median_s": 1.3281529750001937,
      "min_s": 1.3058579550015565,
      "max_s": 1.3347841630002222,
      "p95_s": 1.3347841630002222
    },
    "recursive_chunk/prose/no_lang/small/cs=1024": {
      "input_bytes": 1024,
      "chunk_size": 1024,
      "iterations": 8314,
      "total_s": 1.4474444678617147,
      "mean_s": 0.00017409724174425242,
      "median_s": 0.0001712140001473017,
      "min_s": 0.0001118279997172067,
      "max_s": 0.0008573159993829904,
      "p95_s": 0.0002243430008093128
    },
    "recursive_chunk/prose/no_lang/medium/cs=1024": {
      "input_bytes": 100000,
      "chunk_size": 1024,
      "iterations": 2045,
      "total_s": 1.9577984029656363,
      "mean_s": 0.0009573586322570349,
      "median_s": 0.0009705169995868346,
      "min_s": 0.0007124830008251593,
      "max_s": 0.001862261000496801,
      "p95_s": 0.0011449880003056023
    },
    "recursive_chunk/prose/no_lang/large/cs=1024": {
      "input_bytes": 10000000,
      "chunk_size": 1024,
      "iterations": 24,
      "total_s": 1.9999794499981363,
      "mean_s": 0.08333247708325568,
      "median_s": 0.08235557599982712,
      "min_s": 0.07957665999856545,
      "max_s": 0.09288142799960042,
      "p95_s": 0.08931264300008479
    },
    "recursive_chunk/prose/no_lang/small/cs=2048": {
      "input_bytes": 1024,
      "chunk_size": 2048,
      "iterations": 10212,
      "total_s": 1.6553765080334415,
      "mean_s": 0.00016210110732799076,
      "median_s": 0.00015527300092799123,
      "min_s": 0.00010502500117581803,
      "max_s": 0.0005873080008313991,
      "p95_s": 0.0002169840008718893
    },
    "recursive_chunk/prose/no_lang/medium/cs=2048": {
      "input_bytes": 100000,
      "chunk_size": 2048,
      "iterations": 2178,
      "total_s": 1.6720228189205955,
      "mean_s": 0.000767687244683469,
      "median_s": 0.0007276420001289807,